"Hmph. Go head, big baller."
Well its not like you actually called someone a punto. That woulda been worse.
"Nope. Since ayo travelled, he has forgotten his guy"
You still around? Looking to pick up later
CDs 4u: Congratulations ur awarded £500 of CD gift vouchers or £125 gift guaranteed & Freeentry 2 £100 wkly draw xt MUSIC to 87066 TnCs www.ldew.com1win150ppmx3age16
There's someone here that has a year  &lt;#&gt;  toyota camry like mr olayiwola's own. Mileage is  &lt;#&gt; k.its clean but i need to know how much will it sell for. If i can raise the dough for it how soon after landing will it sell. Holla back.
Guess which pub im in? Im as happy as a pig in clover or whatever the saying is!
ILL B DOWN SOON
Oh k. . I will come tomorrow
Go fool dont cheat others ok
"My mobile number.pls sms ur mail id.convey regards to achan,amma.Rakhesh.Qatar"
"By the way, 'rencontre' is to meet again. Mountains dont...."
You have WON a guaranteed £1000 cash or a £2000 prize. To claim yr prize call our customer service representative on 08714712412 between 10am-7pm Cost 10p
U attend ur driving lesson how many times a wk n which day?
"Uncle G, just checking up on you. Do have a rewarding month"
Hello boytoy ! Geeee ... I'm missing you today. I like to send you a tm and remind you I'm thinking of you ... And you are loved ... *loving kiss*
I think the other two still need to get cash but we can def be ready by 9
Hey gals...U all wanna meet 4 dinner at nìte?
Dear 0776xxxxxxx U've been invited to XCHAT. This is our final attempt to contact u! Txt CHAT to 86688 150p/MsgrcvdHG/Suite342/2Lands/Row/W1J6HL LDN 18yrs
Babe ! What are you doing ? Where are you ? Who are you talking to ? Do you think of me ? Are you being a good boy? Are you missing me? Do you love me ?
Great! How is the office today?
"It's cool, we can last a little while. Getting more any time soon?"
:-( sad puppy noise
Yes its possible but dint try. Pls dont tell to any one k
Anyway holla at me whenever you're around because I need an excuse to go creep on people in sarasota
Where you. What happen
I was gonna ask you lol but i think its at 7
Ur cash-balance is currently 500 pounds - to maximize ur cash-in now send GO to 86688 only 150p/meg. CC: 08718720201 HG/Suite342/2lands Row/W1j6HL
PRIVATE! Your 2003 Account Statement for shows 800 un-redeemed S.I.M. points. Call 08715203685 Identifier Code:4xx26 Expires 13/10/04
Go chase after her and run her over while she's crossing the street
I'd like to tell you my deepest darkest fantasies. Call me 09094646631 just 60p/min. To stop texts call 08712460324 (nat rate)
Is there coming friday is leave for pongal?do you get any news from your work place.
Hey... Very inconvenient for your sis a not huh?
Ok i vl..do u know i got adsense approved..
"* Was really good to see you the other day dudette, been missing you!"
I want to go to perumbavoor
How many times i told in the stage all use to laugh. You not listen aha.
You won't believe it but it's true. It's Incredible Txts! Reply G now to learn truly amazing things that will blow your mind. From O2FWD only 18p/txt
(You didn't hear it from me)
Thanks for being there for me just to talk to on saturday. You are very dear to me. I cherish having you as a brother and role model.
Pls clarify back if an open return ticket that i have can be preponed for me to go back to kerala.
Natalie (20/F) is inviting you to be her friend. Reply YES-165 or NO-165 See her: www.SMS.ac/u/natalie2k9 STOP? Send STOP FRND to 62468
She ran off with a younger man. we will make pretty babies together :)
Jamster! To get your free wallpaper text HEART to 88888 now! T&C apply. 16 only. Need Help? Call 08701213186.
O ic lol. Should play 9 doors sometime yo
"Dunno, my dad said he coming home 2 bring us out 4 lunch. Yup i go w u lor. I call u when i reach school lor..."
"We have sent JD for Customer Service cum Accounts Executive to ur mail id, For details contact us"
Desires- u going to doctor 4 liver. And get a bit stylish. Get ur hair managed. Thats it.
Hmmm.still we dont have opener?
Yeah so basically any time next week you can get away from your mom &amp; get up before 3
"Edison has rightly said, ""A fool can ask more questions than a wise man can answer"" Now you know why all of us are speechless during ViVa.. GM,GN,GE,GNT:-)"
I will vote for wherever my heart guides me
With my sis lor... We juz watched italian job.
"Tick, tick, tick .... Where are you ? I could die of loneliness you know ! *pouts* *stomps feet* I need you ..."
Lmao you know me so well...
Double Mins & Double Txt & 1/2 price Linerental on Latest Orange Bluetooth mobiles. Call MobileUpd8 for the very latest offers. 08000839402 or call2optout/LF56
Am on a train back from northampton so i'm afraid not! I'm staying skyving off today ho ho! Will be around wednesday though. Do you fancy the comedy club this week by the way?
Goodnight da thangam I really miss u dear.
Hey next sun 1030 there's a basic yoga course... at bugis... We can go for that... Pilates intro next sat.... Tell me what time you r free
"Geeeee ... Your internet is really bad today, eh ?"
Free video camera phones with Half Price line rental for 12 mths and 500 cross ntwk mins 100 txts. Call MobileUpd8 08001950382 or Call2OptOut/674
I think i am disturbing her da
"Sorry, I'll call you  later. I am in meeting sir."
Havent stuck at orchard in my dad's car. Going 4 dinner now. U leh? So r they free tonight?
Ok i also wan 2 watch e 9 pm show...
I dunno lei... Like dun haf...
But your brother transfered only  &lt;#&gt;  +  &lt;#&gt; . Pa.
I calls you later. Afternoon onwords mtnl service get problem in south mumbai. I can hear you but you cann't listen me.
83039 62735=£450 UK Break AccommodationVouchers terms & conditions apply. 2 claim you mustprovide your claim number which is 15541
Talk to g and x about that
Hai dear friends... This is my new &amp; present number..:) By Rajitha Raj (Ranju)
5p 4 alfie Moon's Children in need song on ur mob. Tell ur m8s. Txt Tone charity to 8007 for Nokias or Poly charity for polys: zed 08701417012 profit 2 charity.
As in different styles?
WIN a £200 Shopping spree every WEEK Starting NOW. 2 play text STORE to 88039. SkilGme. TsCs08714740323 1Winawk! age16 £1.50perweeksub.
Gud ni8 dear..slp well..take care..swt dreams..Muah..
I want to sent  &lt;#&gt; mesages today. Thats y. Sorry if i hurts
"This is the 2nd attempt to contract U, you have won this weeks top prize of either £1000 cash or £200 prize. Just call 09066361921"
"Well, i'm glad you didn't find it totally disagreeable ... Lol"
"Guy, no flash me now. If you go call me, call me. How madam. Take care oh."
Do you want a New Nokia 3510i colour phone DeliveredTomorrow? With 300 free minutes to any mobile + 100 free texts + Free Camcorder reply or call 08000930705.
Mark works tomorrow. He gets out at 5. His work is by your house so he can meet u afterwards.
"Keep ur problems in ur heart, b'coz nobody will fight for u. Only u &amp; u have to fight for ur self &amp; win the battle. -VIVEKANAND- G 9t.. SD..
Yeah, give me a call if you've got a minute
HI BABE UAWAKE?FEELLIKW SHIT.JUSTFOUND OUT VIA ALETTER THATMUM GOTMARRIED 4thNOV.BEHIND OURBACKS  FUCKINNICE!SELFISH,DEVIOUSBITCH.ANYWAY,IL CALL U"""
Amazing : If you rearrange these letters it gives the same meaning... Dormitory = Dirty room Astronomer = Moon starer The eyes = They see Election results = Lies lets recount Mother-in-law = Woman Hitler Eleven plus two =Twelve plus one Its Amazing... !:-)
Aiya we discuss later lar... Pick ü up at 4 is it?
Hey happy birthday...
Sorry i missed your call. Can you please call back.
Omg if its not one thing its another. My cat has worms :/ when does this bad day end?
"Good morning, im suffering from fever and dysentry ..will not be able to come to office today."
I wont do anything de.
What type of stuff do you sing?
"St andre, virgil's cream"
No no. I will check all rooms befor activities
"My fri ah... Okie lor,goin 4 my drivin den go shoppin after tt..."
Gokila is talking with you aha:)
"Hi Shanil,Rakhesh here.thanks,i have exchanged the uncut diamond stuff.leaving back. Excellent service by Dino and Prem."
K.k.this month kotees birthday know?
But i'm really really broke oh. No amount is too small even  &lt;#&gt;
Sorry about that this is my mates phone and i didnt write it love Kate
"TheMob>Hit the link to get a premium Pink Panther game, the new no. 1 from Sugababes, a crazy Zebra animation or a badass Hoody wallpaper-all 4 FREE!"
"Ah, well that confuses things, doesnt it? I thought was friends with now. Maybe i did the wrong thing but i already sort of invited -tho he may not come cos of money."
"Aight, call me once you're close"
Nope thats fine. I might have a nap tho!
This msg is for your mobile content order It has been resent as previous attempt failed due to network error Queries to customersqueries@netvision.uk.com
In other news after hassling me to get him weed for a week andres has no money. HAUGHAIGHGTUJHYGUJ
"A Boy loved a gal. He propsd bt she didnt mind. He gv lv lttrs, Bt her frnds threw thm. Again d boy decided 2 aproach d gal , dt time a truck was speeding towards d gal. Wn it was about 2 hit d girl,d boy ran like hell n saved her. She asked 'hw cn u run so fast?' D boy replied ""Boost is d secret of my energy"" n instantly d girl shouted ""our energy"" n Thy lived happily 2gthr drinking boost evrydy Moral of d story:- I hv free msgs:D;): gud ni8"
I wnt to buy a BMW car urgently..its vry urgent.but hv a shortage of  &lt;#&gt; Lacs.there is no source to arng dis amt. &lt;#&gt; lacs..thats my prob
Ding me on ya break fassyole! Blacko from londn
I REALLY NEED 2 KISS U I MISS U MY BABY FROM UR BABY 4EVA
"The sign of maturity is not when we start saying big things.. But actually it is, when we start understanding small things... *HAVE A NICE EVENING* BSLVYL"
Oh you got many responsibilities.
You have 1 new message. Please call 08715205273
I've reached sch already...
December only! Had your mobile 11mths+? You are entitled to update to the latest colour camera mobile for Free! Call The Mobile Update VCo FREE on 08002986906
U definitely need a module from e humanities dis sem izzit? U wan 2 take other modules 1st?
Argh why the fuck is nobody in town ;_;
"Get 3 Lions England tone, reply lionm 4 mono or lionp 4 poly. 4 more go 2 www.ringtones.co.uk, the original n best. Tones 3GBP network operator rates apply."
Thanks. Fills me with complete calm and reassurance!
Aslamalaikkum....insha allah tohar beeen muht albi mufti mahfuuz...meaning same here....
Are you driving or training?
Lol for real. She told my dad I have cancer
PRIVATE! Your 2003 Account Statement for 078
"Oops I did have it,  &lt;#&gt; ?"
NOT ENUFCREDEIT TOCALL.SHALL ILEAVE UNI AT 6 +GET A BUS TO YOR HOUSE?
"Hi Chikku, send some nice msgs"
"He is impossible to argue with and he always treats me like his sub, like he never released me ... Which he did and I will remind him of that if necessary"
"After my work ah... Den 6 plus lor... U workin oso rite... Den go orchard lor, no other place to go liao..."
"To the wonderful Okors, have a great month. We cherish you guys and wish you well each day. MojiBiola"
Cuz ibored. And don wanna study
Wot about on wed nite I am 3 then but only til 9!
"Rose for red,red for blood,blood for heart,heart for u. But u for me.... Send tis to all ur friends.. Including me.. If u like me.. If u get back, 1-u r poor in relation! 2-u need some 1 to support 3-u r frnd 2 many 4-some1 luvs u 5+- some1 is praying god to marry u.:-) try it...."
Any way where are you and what doing.
That sucks. I'll go over so u can do my hair. You'll do it free right?
it's still not working. And this time i also tried adding zeros. That was the savings. The checking is  &lt;#&gt;
"Hmm... Dunno leh, mayb a bag 4 goigng out dat is not too small. Or jus anything except perfume, smth dat i can keep."
Sday only joined.so training we started today:)
Sorry * was at the grocers.
There are some nice pubs near here or there is Frankie n Bennys near the warner cinema?
"YOU VE WON! Your 4* Costa Del Sol Holiday or £5000 await collection. Call 09050090044 Now toClaim. SAE, TC s, POBox334, Stockport, SK38xh, Cost£1.50/pm, Max10mins"
Yup... I havent been there before... You want to go for the yoga? I can call up to book
Oh shut it. Omg yesterday I had a dream that I had 2 kids both boys. I was so pissed. Not only about the kids but them being boys. I even told mark in my dream that he was changing diapers cause I'm not getting owed in the face.
Yeah I imagine he would be really gentle. Unlike the other docs who treat their patients like turkeys.
FREE for 1st week! No1 Nokia tone 4 ur mobile every week just txt NOKIA to 8077 Get txting and tell ur mates. www.getzed.co.uk POBox 36504 W45WQ 16+ norm150p/tone
Now that you have started dont stop. Just pray for more good ideas and anything i see that can help you guys i.ll forward you a link.
Hi darlin im on helens fone im gonna b up the princes 2 nite please come up tb love Kate
I'm in office now da:)where are you?
Aiyar u so poor thing... I give u my support k... Jia you! I'll think of u...
Oh unintentionally not bad timing. Great. Fingers  the trains play along! Will give fifteen min warning.
Get your garden ready for summer with a FREE selection of summer bulbs and seeds worth £33:50 only with The Scotsman this Saturday. To stop go2 notxt.co.uk
K..then come wenever u lik to come and also tel vikky to come by getting free time..:-)
Pls call me da. What happen.
"Happy new year to u and ur family...may this new year bring happiness , stability and tranquility to ur vibrant colourful life:):)"
No problem with the renewal. I.ll do it right away but i dont know his details.
Idk. I'm sitting here in a stop and shop parking lot right now bawling my eyes out because i feel like i'm a failure in everything. Nobody wants me and now i feel like i'm failing you.
Haven't left yet so probably gonna be here til dinner
"Like  &lt;#&gt; , same question"
MY NEW YEARS EVE WAS OK. I WENT TO A PARTY WITH MY BOYFRIEND. WHO IS THIS SI THEN HEY
"Sir, I need Velusamy sir's date of birth and company bank facilities details."
K k:) sms chat with me.
I will come with karnan car. Please wait till 6pm will directly goto doctor.
No but the bluray player can
Ok... Then r we meeting later?
Lol no. I just need to cash in my nitros. Hurry come on before I crash out!
Just send a text. We'll skype later.
Ok leave no need to ask
"Congrats 2 mobile 3G Videophones R yours. call 09063458130 now! videochat wid ur mates, play java games, Dload polypH music, noline rentl. bx420. ip4. 5we. 150p"
Ü still got lessons?  Ü in sch?
Y she dun believe leh? I tot i told her it's true already. I thk she muz c us tog then she believe.
Oh did you charge camera
"I‘ve got some salt, you can rub it in my open wounds if you like!"
Now i'm going for lunch.
I'm in school now n i'll be in da lab doing some stuff give me a call when ü r done.
Oh k. . I will come tomorrow
"Aight, text me tonight and we'll see what's up"
U 2.
Water logging in desert. Geoenvironmental implications.
Raji..pls do me a favour. Pls convey my Birthday wishes to Nimya. Pls. Today is her birthday.
Company is very good.environment is terrific and food is really nice:)
"Very strange.  and  are watching the 2nd one now but i'm in bed. Sweet dreams, miss u"
SMS AUCTION - A BRAND NEW Nokia 7250 is up 4 auction today! Auction is FREE 2 join & take part! Txt NOKIA to 86021 now!
"Hi hope u r both ok, he said he would text and he hasn't, have u seen him, let me down gently please"
"Babe! I fucking love you too !! You know? Fuck it was so good to hear your voice. I so need that. I crave it. I can't get enough. I adore you, Ahmad *kisses*"
K sure am in my relatives home. Sms me de. Pls:-)
I sent them. Do you like?
"Fuuuuck I need to stop sleepin, sup"
I'm in town now so i'll jus take mrt down later.
I just cooked a rather nice salmon a la you
I uploaded mine to Facebook
WHAT TIME U WRKIN?
Okie
ree entry in 2 a weekly comp for a chance to win an ipod. Txt POD to 80182 to get entry (std txt rate) T&C's apply 08452810073 for details 18+
Our records indicate u maybe entitled to 5000 pounds in compensation for the Accident you had. To claim 4 free reply with CLAIM to this msg. 2 stop txt STOP
"Sorry, I'll call later"
Oh oh... Den muz change plan liao... Go back have to yan jiu again...
"It's wylie, you in tampa or sarasota?"
Ok... Take ur time n enjoy ur dinner...
Darren was saying dat if u meeting da ge den we dun meet 4 dinner. Cos later u leave xy will feel awkward. Den u meet him 4 lunch lor.
"Spook up your mob with a Halloween collection of a logo & pic message plus a free eerie tone, txt CARD SPOOK to 8007 zed 08701417012150p per logo/pic"
I like cheap! But i‘m happy to splash out on the wine if it makes you feel better..
She.s fine. I have had difficulties with her phone. It works with mine. Can you pls send her another friend request.
Ugh my leg hurts. Musta overdid it on mon.
Call Germany for only 1 pence per minute! Call from a fixed line via access number 0844 861 85 85. No prepayment. Direct access! www.telediscount.co.uk
"YOU VE WON! Your 4* Costa Del Sol Holiday or £5000 await collection. Call 09050090044 Now toClaim. SAE, TC s, POBox334, Stockport, SK38xh, Cost£1.50/pm, Max10mins"
WOT STUDENT DISCOUNT CAN U GET ON BOOKS?
Me fine..absolutly fine
How come she can get it? Should b quite diff to guess rite...
Had your mobile 11mths ? Update for FREE to Oranges latest colour camera mobiles & unlimited weekend calls. Call Mobile Upd8 on freefone 08000839402 or 2StopTxt
I will reach ur home in  &lt;#&gt;  minutes
"Babe, I'm answering you, can't you see me ? Maybe you'd better reboot YM ... I got the photo ... It's great !"
Hi.what you think about match?
"I know you are thinkin malaria. But relax, children cant handle malaria. She would have been worse and its gastroenteritis. If she takes enough to replace her loss her temp will reduce. And if you give her malaria meds now she will just vomit. Its a self limiting illness she has which means in a few days it will completely stop"
Dai i downloaded but there is only exe file which i can only run that exe after installing.
It is only yesterday true true.
K.k.how is your business now?
3 pa but not selected.
Natalja (25/F) is inviting you to be her friend. Reply YES-440 or NO-440 See her: www.SMS.ac/u/nat27081980 STOP? Send STOP FRND to 62468
I keep ten rs in my shelf:) buy two egg.
I am late. I will be there at
Well thats nice. Too bad i cant eat it
I accidentally brought em home in the box
Pls she needs to dat slowly or she will vomit more.
I have to take exam with in march 3
"Jane babes not goin 2 wrk, feel ill after lst nite. Foned in already cover 4 me chuck.:-)"
5 nights...We nt staying at port step liao...Too ex
If I die I want u to have all my stuffs.
OH FUCK. JUSWOKE UP IN A BED ON A BOATIN THE DOCKS. SLEPT WID 25 YEAR OLD. SPINOUT! GIV U DA GOSSIP L8R. XXX
Smile in Pleasure Smile in Pain Smile when trouble pours like Rain Smile when sum1 Hurts U Smile becoz SOMEONE still Loves to see u Smiling!!
Prabha..i'm soryda..realy..frm heart i'm sory
I re-met alex nichols from middle school and it turns out he's dealing!
PRIVATE! Your 2003 Account Statement for <fone no> shows 800 un-redeemed S. I. M. points. Call 08715203656 Identifier Code: 42049 Expires 26/10/04
It means u could not keep ur words.
"Nope, I'm still in the market"
I realise you are a busy guy and i'm trying not to be a bother. I have to get some exams outta the way and then try the cars. Do have a gr8 day
YOU ARE CHOSEN TO RECEIVE A £350 AWARD! Pls call claim number 09066364311 to collect your award which you are selected to receive as a valued mobile customer.
Hey what how about your project. Started aha da.
Ok cool. See ya then.
Am on the uworld site. Am i buying the qbank only or am i buying it with the self assessment also?
Your opinion about me? 1. Over 2. Jada 3. Kusruthi 4. Lovable 5. Silent 6. Spl character 7. Not matured 8. Stylish 9. Simple Pls reply..
Someonone you know is trying to contact you via our dating service! To find out who it could be call from your mobile or landline 09064015307 BOX334SK38ch
Yeah I can still give you a ride
"Jay wants to work out first, how's 4 sound?"
"Gud gud..k, chikku tke care.. sleep well gud nyt"
Its a part of checking IQ
Hmm thinking lor...
Of course ! Don't tease me ... You know I simply must see ! *grins* ... Do keep me posted my prey ... *loving smile* *devouring kiss*
thanks for the temales it was wonderful. Thank. Have a great week.
Thank you princess! I want to see your nice juicy booty...
Haven't eaten all day. I'm sitting here staring at this juicy pizza and I can't eat it. These meds are ruining my life.
Gud ni8 dear..slp well..take care..swt dreams..Muah..
U come n search tat vid..not finishd..
"K I'm leaving soon, be there a little after 9"
Urgent! Please call 09061213237 from a landline. £5000 cash or a 4* holiday await collection. T &Cs SAE PO Box 177 M227XY. 16+
"Yeah work is fine, started last week, all the same stuff as before, dull but easy and guys are fun!"
You do your studies alone without anyones help. If you cant no need to study.
Please tell me not all of my car keys are in your purse
I didnt get anything da
Ok... Sweet dreams...
Well she's in for a big surprise!
"As usual..iam fine, happy &amp; doing well..:)"
1 in cbe. 2 in chennai.
Can help u swoop by picking u up from wherever ur other birds r meeting if u want.
If anyone calls for a treadmill say you'll buy it. Make sure its working. I found an ad on Craigslist selling for $ &lt;#&gt; .
I absolutely LOVE South Park! I only recently started watching the office.
Did you see that film:)
Pls speak with me. I wont ask anything other then you friendship.
"Storming msg: Wen u lift d phne, u say ""HELLO"" Do u knw wt is d real meaning of HELLO?? . . . It's d name of a girl..! . . . Yes.. And u knw who is dat girl?? ""Margaret Hello"" She is d girlfrnd f Grahmbell who invnted telphone... . . . . Moral:One can 4get d name of a person, bt not his girlfrnd... G o o d n i g h t . . .@"
Gud ni8.swt drms.take care
HI DARLIN ITS KATE ARE U UP FOR DOIN SOMETHIN TONIGHT? IM GOING TO A PUB CALLED THE SWAN OR SOMETHING WITH MY PARENTS FOR ONE DRINK SO PHONE ME IF U CAN
Anything lar then ü not going home 4 dinner?
"ER, ENJOYIN INDIANS AT THE MO..yeP. SaLL gOoD HehE ;> hows bout u shexy? Pete Xx"
"If you don't, your prize will go to another customer. T&C at www.t-c.biz 18+ 150p/min Polo Ltd Suite 373 London W1J 6HL Please call back if busy"
Did u fix the teeth?if not do it asap.ok take care.
So u wan 2 come for our dinner tonight a not?
"Hello.How u doing?What u been up 2?When will u b moving out of the flat, cos I will need to arrange to pick up the lamp, etc. Take care. Hello caroline!"
Its too late:)but its k.wish you the same.
"Hi. Hope ur day * good! Back from walk, table booked for half eight. Let me know when ur coming over."
Oh yeah clearly it's my fault
Dunno leh cant remember mayb lor. So wat time r we meeting tmr?
"Best msg: It's hard to be with a person, when u know that one more step foward will make u fall in love.. &amp; One step back can ruin ur friendship.. good night:-) ..."
URGENT! Your Mobile number has been awarded with a £2000 prize GUARANTEED. Call 09061790126 from land line. Claim 3030. Valid 12hrs only 150ppm
"Helloooo... Wake up..! ""Sweet"" ""morning"" ""welcomes"" ""You"" ""Enjoy"" ""This Day"" ""with full of joy"".. ""GUD MRNG""."
"Vikky, come around  &lt;TIME&gt; .."
"And how you will do that, princess? :)"
I have gone into get info bt dont know what to do
"Yeah, probably here for a while"
Sent me ur email id soon
"URGENT! You have won a 1 week FREE membership in our £100,000 Prize Jackpot! Txt the word: CLAIM to No: 81010 T&C www.dbuk.net LCCLTD POBOX 4403LDNW1A7RW18"
I'm still pretty weak today .. Bad day ?
Hey ! Don't forget ... You are MINE ... For ME ... My possession ... MY property ... MMM ... *childish smile* ...
An excellent thought by a misundrstud frnd: I knw u hate me bt the day wen u'll knw the truth u'll hate urself:-( Gn:-)
Hey! Congrats 2u2. id luv 2 but ive had 2 go home!
Dear where you. Call me
Xy trying smth now. U eat already? We havent...
Urgent! Please call 09061213237 from landline. £5000 cash or a luxury 4* Canary Islands Holiday await collection. T&Cs SAE PO Box 177. M227XY. 150ppm. 16+
I donno its in your genes or something
XMAS iscoming & ur awarded either £500 CD gift vouchers & free entry 2 r £100 weekly draw txt MUSIC to 87066 TnC www.Ldew.com1win150ppmx3age16subscription
Alex says he's not ok with you not being ok with it
Are u coming to the funeral home
My darling sister. How are you doing. When's school resuming. Is there a minimum wait period before you reapply? Do take care
I.ll hand her my phone to chat wit u
Well good morning mr . Hows london treatin' ya treacle?
I can't make it tonight
At WHAT TIME should i come tomorrow
About  &lt;#&gt; bucks. The banks fees are fixed. Better to call the bank and find out.
"I can. But it will tell quite long, cos i haven't finish my film yet..."
Pls ask macho how much is budget for bb bold 2 is cos i saw a new one for  &lt;#&gt;  dollars.
Hi missed your Call and my mumHas beendropping red wine all over theplace! what is your adress?
Ill be at yours in about 3 mins but look out for me
What you did in  leave.
I'm coming back on Thursday. Yay. Is it gonna be ok to get the money. Cheers. Oh yeah and how are you. Everything alright. Hows school. Or do you call it work now
"Jolly good! By the way,  will give u tickets for sat eve 7.30. Speak before then x"
"yeah, that's what I was thinking"
K.k:)i'm going to tirunelvali this week to see my uncle ..i already spend the amount by taking dress .so only i want money.i will give it on feb 1
Here got ur favorite oyster... N got my favorite sashimi... Ok lar i dun say already... Wait ur stomach start rumbling...
My sister going to earn more than me da.
Get the official ENGLAND poly ringtone or colour flag on yer mobile for tonights game! Text TONE or FLAG to 84199. Optout txt ENG STOP Box39822 W111WX £1.50
Hahaha..use your brain dear
Jus finish watching tv... U?
"K, fyi I'm back in my parents' place in south tampa so I might need to do the deal somewhere else"
"Good morning, my Love ... I go to sleep now and wish you a great day full of feeling better and opportunity ... You are my last thought babe, I LOVE YOU *kiss*"
Kothi print out marandratha.
But we havent got da topic yet rite?
Ok no problem... Yup i'm going to sch at 4 if i rem correctly...
"Thanks, I'll keep that in mind"
Aah bless! How's your arm?
"Dear Sir,Salam Alaikkum.Pride and Pleasure meeting you today at the Tea Shop.We are pleased to send you our contact number at Qatar.Rakhesh an Indian.Pls save our Number.Respectful Regards."
"Gal n boy walking in d park. gal-can i hold ur hand? boy-y? do u think i would run away? gal-no, jst wana c how it feels walking in heaven with an prince..GN:-)"
What makes you most happy?
Wishing you a wonderful week.
Sweet heart how are you?
"Sir, waiting for your letter."
Dude im no longer a pisces. Im an aquarius now.
X course it 2yrs. Just so her messages on messenger lik you r sending me
I think steyn surely get one wicket:)
"Neither [in sterm voice] - i'm studying. All fine with me! Not sure the  thing will be resolved, tho. Anyway. Have a fab hols"
"Garbage bags, eggs, jam, bread, hannaford wheat chex"
No. It's not pride. I'm almost  &lt;#&gt;  years old and shouldn't be takin money from my kid. You're not supposed to have to deal with this stuff. This is grownup stuff--why i don't tell you.
Sounds better than my evening im just doing my costume. Im not sure what time i finish tomorrow but i will txt you at the end.
My birthday is on feb  &lt;#&gt;  da. .
So when do you wanna gym?
You'd like that wouldn't you? Jerk!
Are u awake? Is there snow there?
And of course you should make a stink!
"u r subscribed 2 TEXTCOMP 250 wkly comp. 1st wk?s free question follows, subsequent wks charged@150p/msg.2 unsubscribe txt STOP 2 84128,custcare 08712405020"
No go. No openings for that room 'til after thanksgiving without an upcharge.
When you guys planning on coming over?
Wat ü doing now?
"My Parents, My Kidz, My Friends n My Colleagues. All screaming.. SURPRISE !! and I was waiting on the sofa.. ... ..... ' NAKED...!"
No sir. That's why i had an 8-hr trip on the bus last week. Have another audition next wednesday but i think i might drive this time.
Do I? I thought I put it back in the box
I'm home...
No one interested. May be some business plan.
Yup it's at paragon... I havent decided whether 2 cut yet... Hee...
Good morning princess! Have a great day!
Guai... Ü shd haf seen him when he's naughty... Ü so free today? Can go jogging...
Aiyo cos i sms ü then ü neva reply so i wait 4 ü to reply lar. I tot ü havent finish ur lab wat.
"Living is very simple.. Loving is also simple.. Laughing is too simple.. Winning is tooo simple.. But, Being 'SIMPLE' is very difficult...;-) :-)"
Tell me something. Thats okay.
Ok
Hmm. Shall i bring a bottle of wine to keep us amused? Just joking! I'll still bring a bottle. Red or white? See you tomorrow
This is ur face test ( 1 2 3 4 5 6 7 8 9  &lt;#&gt;  ) select any number i will tell ur face astrology.... am waiting. quick reply...
"Hey, iouri gave me your number, I'm wylie, ryan's friend"
Yep get with the program. You're slacking.
I'm in inside office..still filling forms.don know when they leave me.
"I think your mentor is , but not 100 percent sure."
Call 09095350301 and send our girls into erotic ecstacy. Just 60p/min. To stop texts call 08712460324 (nat rate)
Camera - You are awarded a SiPix Digital Camera! call 09061221066 fromm landline. Delivery within 28 days.
A £400 XMAS REWARD IS WAITING FOR YOU! Our computer has randomly picked you from our loyal mobile customers to receive a £400 reward. Just call 09066380611
Just trying to figure out when I'm suppose to see a couple different people this week. We said we'd get together but I didn't set dates
IMPORTANT MESSAGE. This is a final contact attempt. You have important messages waiting out our customer claims dept. Expires 13/4/04. Call 08717507382 NOW!
Hi mom we might be back later than  &lt;#&gt;
dating:i have had two of these. Only started after i sent a text to talk sport radio last week. Any connection do you think or coincidence?
"Lol, oh you got a friend for the dog ?"
"Ok., is any problem to u frm him? Wats matter?"
"K I'll head out in a few mins, see you there"
Do u konw waht is rael FRIENDSHIP Im gving yuo an exmpel: Jsut ese tihs msg.. Evrey splleing of tihs msg is wrnog.. Bt sitll yuo can raed it wihtuot ayn mitsake.. GOODNIGHT &amp; HAVE A NICE SLEEP..SWEET DREAMS..
I cant pick the phone right now. Pls send a message
I don't want you to leave. But i'm barely doing what i can to stay sane. fighting with you constantly isn't helping.
The current leading bid is 151. To pause this auction send OUT. Customer Care: 08718726270
"Free entry to the gr8prizes wkly comp 4 a chance to win the latest Nokia 8800, PSP or £250 cash every wk.TXT GREAT to 80878 http//www.gr8prizes.com 08715705022"
Somebody set up a website where you can play hold em using eve online spacebucks
Its sunny in california. The weather's just cool
You have 1 new message. Call 0207-083-6089
"I can make it up there, squeezed  &lt;#&gt;  bucks out of my dad"
Good day to You too.Pray for me.Remove the teeth as its painful maintaining other stuff.
How are you babes. Hope your doing ok. I had a shit nights sleep. I fell asleep at 5.Im knackered and im dreading work tonight. What are thou upto tonight. X
How do friends help us in problems? They give the most stupid suggestion that Lands us into another problem and helps us forgt the previous problem
I'm at work. Please call
I will be gentle baby! Soon you will be taking all  &lt;#&gt;  inches deep inside your tight pussy...
NOT MUCH NO FIGHTS. IT WAS A GOOD NITE!!
Ok.ok ok..then..whats ur todays plan
Nt joking seriously i told
Watching ajith film ah?
Ooooooh I forgot to tell u I can get on yoville on my phone
"All done, all handed in. Don't know if mega shop in asda counts as celebration but thats what i'm doing!"
I dont know exactly could you ask chechi.
Dunno lei shd b driving lor cos i go sch 1 hr oni.
As in i want custom officer discount oh.
That's necessarily respectful
Hi. Hope you had a good day. Have a better night.
And he's apparently bffs with carly quick now
HARD BUT TRUE: How much you show &amp;  express your love to someone....that much it will hurt when they leave you or you get seperated...!鈥┾??〨ud evening...
Babes I think I got ur brolly I left it in English wil bring it in 2mrw 4 u luv Franxx
Hi babe its me thanks for coming even though it didnt go that well!i just wanted my bed! Hope to see you soon love and kisses xxx
So gd got free ice cream... I oso wan...
Pls give her prometazine syrup. 5mls then  &lt;#&gt; mins later feed.
So how many days since then?
Dear are you angry i was busy dear
Yup he msg me: is tat yijue? Then i tot it's my group mate cos we meeting today mah... I'm askin if ü leaving earlier or wat mah cos mayb ü haf to walk v far...
... Are you in the pub?
There is a first time for everything :)
"Daddy, shu shu is looking 4 u... U wan me 2 tell him u're not in singapore or wat?"
I ask if u meeting da ge tmr nite...
Gr8. So how do you handle the victoria island traffic. Plus when's the album due
Nite nite pocay wocay luv u more than n e thing 4eva I promise ring u 2morrowxxxx
East coast
You should get more chicken broth if you want ramen unless there's some I don't know about
My slave! I want you to take 2 or 3 pictures of yourself today in bright light on your cell phone! Bright light!
Nope. I just forgot. Will show next week
So how are you really. What are you up to. How's the masters. And so on.
I'm at bruce &amp; fowler now but I'm in my mom's car so I can't park (long story)
I dont know oh. Hopefully this month.
"Hi elaine, is today's meeting confirmed?"
Ok k..sry i knw 2 siva..tats y i askd..
"Sorry, I'll call later"
U horrible gal... U knew dat i was going out wif him yest n u still come n ask me...
Otherwise had part time job na-tuition..
Oh yeah! And my diet just flew out the window
Santa Calling! Would your little ones like a call from Santa Xmas eve? Call 09058094583 to book your time.
You didnt complete your gist oh.
"Er yeah, i will b there at 15:26, sorry! Just tell me which pub/cafe to sit in and come wen u can"
"If you can make it any time tonight or whenever you can it's cool, just text me whenever you're around"
If I was I wasn't paying attention
Thanx a lot 4 ur help!
You're gonna have to be way more specific than that
Jesus armand really is trying to tell everybody he can find
I'm wif him now buying tix lar...
Mode men or have you left.
Am slow in using biola's fne
What are youdoing later? Sar xxx
Hey i've booked the 2 lessons on sun liao...
Thank you. do you generally date the brothas?
"By the way, make sure u get train to worc foregate street not shrub hill. Have fun night x"
"I thought i'd get him a watch, just cos thats the kind of thing u get4an18th. And he loves so much!"
You have won a guaranteed 32000 award or maybe even £1000 cash to claim ur award call free on 0800 ..... (18+). Its a legitimat efreefone number wat do u think???
Good morning. At the repair shop--the ONLY reason i'm up at this hour.
"And that's fine, I got enough bud to last most of the night at least"
I am back. Good journey! Let me know if you need any of the receipts. Shall i tell you like the pendent?
So that takes away some money worries
"aight we can pick some up, you open before tonight?"
"Latest News! Police station toilet stolen, cops have nothing to go on!"
Sac needs to carry on:)
Just sing HU. I think its also important to find someone female that know the place well preferably a citizen that is also smart to help you navigate through. Even things like choosing a phone plan require guidance. When in doubt ask especially girls.
What???? Hello wats talks email address?
Except theres a chick with huge boobs.
Im just wondering what your doing right now?
Wishing you a beautiful day. Each moment revealing even more things to keep you smiling. Do enjoy it.
For the most sparkling shopping breaks from 45 per person; call 0121 2025050 or visit www.shortbreaks.org.uk
Arun can u transfr me d amt
"Sorry, I'll call later"
If you hear a loud scream in about &lt;#&gt; minutes its cause my Gyno will be shoving things up me that don't belong :/
December only! Had your mobile 11mths+? You are entitled to update to the latest colour camera mobile for Free! Call The Mobile Update Co FREE on 08002986906
Ok i thk i got it. Then u wan me 2 come now or wat?
Txt: CALL to No: 86888 & claim your reward of 3 hours talk time to use from your phone now! Subscribe6GBP/mnth inc 3hrs 16 stop?txtStop www.gamb.tv
U GOIN OUT 2NITE?
I will treasure every moment we spend together...
Shall I bring us a bottle of wine to keep us amused? Only joking! I‘ll bring one anyway
http//tms. widelive.com/index. wml?id=820554ad0a1705572711&first=true¡C C Ringtone¡
Get your garden ready for summer with a FREE selection of summer bulbs and seeds worth £33:50 only with The Scotsman this Saturday. To stop go2 notxt.co.uk
"URGENT! Last weekend's draw shows that you have won £1000 cash or a Spanish holiday! CALL NOW 09050000332 to claim. T&C: RSTM, SW7 3SS. 150ppm"
Ok lor.
I thought slide is enough.
Yup
Well obviously not because all the people in my cool college life went home ;_;
Ok lor ü reaching then message me.
Where's mummy's boy ? Is he being good or bad ? Is he being positive or negative ? Why is mummy being made to wait? Hmmmm?
Dhoni have luck to win some big title.so we will win:)
Yes princess! I want to please you every night. Your wish is my command...
What Today-sunday..sunday is holiday..so no work..
No probably  &lt;#&gt; %.
Really do hope the work doesnt get stressful. Have a gr8 day.
Have you seen who's back at Holby?!
Shall call now dear having food
URGENT We are trying to contact you Last weekends draw shows u have won a £1000 prize GUARANTEED Call 09064017295 Claim code K52 Valid 12hrs 150p pm
So li hai... Me bored now da lecturer repeating last weeks stuff waste time...
", ,  and  picking them up from various points | going 2 yeovil | and they will do the motor project 4 3 hours | and then u take them home. || 12 2 5.30 max. || Very easy"
Also fuck you and your family for going to rhode island or wherever the fuck and leaving me all alone the week I have a new bong &gt;:(
Ofcourse I also upload some songs
2p per min to call Germany 08448350055 from your BT line. Just 2p per min. Check PlanetTalkInstant.com for info & T's & C's. Text stop to opt out
K. I will sent it again
Oh thanks a lot..i already bought 2 eggs ..
K. I will sent it again
U studying in sch or going home? Anyway i'll b going 2 sch later.
Marvel Mobile Play the official Ultimate Spider-man game (£4.50) on ur mobile right now. Text SPIDER to 83338 for the game & we ll send u a FREE 8Ball wallpaper
I think if he rule tamilnadu..then its very tough for our people.
"Cool, we shall go and see, have to go to tip anyway. Are you at home, got something to drop in later? So lets go to town tonight! Maybe mum can take us in."
"Good afternoon, my love ... How goes your day ? How did you sleep ? I hope your well, my boytoy ... I think of you ..."
Yes... I trust u to buy new stuff ASAP so I can try it out
"SMS SERVICES. for your inclusive text credits, pls goto www.comuk.net login= 3qxj9 unsubscribe with STOP, no extra charge. help 08702840625.COMUK. 220-CM2 9AE"
Why did I wake up on my own &gt;:(
Now get step 2 outta the way. Congrats again.
Love has one law; Make happy the person you love. In the same way friendship has one law; Never make ur friend feel alone until you are alive.... Gud night
PRIVATE! Your 2003 Account Statement for 07808247860 shows 800 un-redeemed S. I. M. points. Call 08719899229 Identifier Code: 40411 Expires 06/11/04
Apo all other are mokka players only
"Perhaps * is much easy give your account identification, so i will tomorrow at UNI"
Wait . I will msg after  &lt;#&gt;  min.
What i told before i tell. Stupid hear after i wont tell anything to you. You dad called to my brother and spoken. Not with me.
God's love has no limit. God's grace has no measure. God's power has no boundaries. May u have God's endless blessings always in ur life...!! Gud ni8
I want to be inside you every night...
"Machan you go to gym tomorrow,  i wil come late goodnight."
Lol they were mad at first but then they woke up and gave in.
I went to project centre
"It‘s reassuring, in this crazy world."
"Just making dinner, you ?"
Yes. Please leave at  &lt;#&gt; . So that at  &lt;#&gt;  we can leave
Oh... Okie lor...We go on sat...
You are a great role model. You are giving so much and i really wish each day for a miracle but God as a reason for everything and i must say i wish i knew why but i dont. I've looked up to you since i was young and i still do. Have a great day.
"Ya, i'm referin to mei's ex wat... No ah, waitin 4 u to treat, somebody shld b rich liao...So gd, den u dun have to work frm tmr onwards..."
Miles and smiles r made frm same letters but do u know d difference..? smile on ur face keeps me happy even though I am miles away from u.. :-)keep smiling.. Good nyt
"By the way, i've put a skip right outside the front of the house so you can see which house it is. Just pull up before it."
Can you pls send me that company name. In saibaba colany
No. I dont want to hear anything
You are a big chic. Common. Declare
Thats cool. I want to please you...
Going to join tomorrow.
You are awarded a SiPix Digital Camera! call 09061221061 from landline. Delivery within 28days. T Cs Box177. M221BP. 2yr warranty. 150ppm. 16 . p p£3.99
I want to tell you how bad I feel that basically the only times I text you lately are when I need drugs
PRIVATE! Your 2003 Account Statement for shows 800 un-redeemed S.I.M. points. Call 08718738001 Identifier Code: 49557 Expires 26/11/04
"Total disappointment, when I texted you was the craziest shit got :("
Its just the effect of irritation. Just ignore it
What about this one then.
I think that tantrum's finished so yeah I'll be by at some point
Compliments to you. Was away from the system. How your side.
happened here while you were adventuring
"Hey chief, can you give me a bell when you get this. Need to talk to you about this royal visit on the 1st june."
Ok which your another number
"I know you are thinkin malaria. But relax, children cant handle malaria. She would have been worse and its gastroenteritis. If she takes enough to replace her loss her temp will reduce. And if you give her malaria meds now she will just vomit. Its a self limiting illness she has which means in a few days it will completely stop"
Aiyah ok wat as long as got improve can already wat...
Want explicit SEX in 30 secs? Ring 02073162414 now! Costs 20p/min Gsex POBOX 2667 WC1N 3XX
I can't believe how attached I am to seeing you every day. I know you will do the best you can to get to me babe. I will go to teach my class at your midnight
Just sleeping..and surfing
ASKED 3MOBILE IF 0870 CHATLINES INCLU IN FREE MINS. INDIA CUST SERVs SED YES. L8ER GOT MEGA BILL. 3 DONT GIV A SHIT. BAILIFF DUE IN DAYS. I O £250 3 WANT £800
Yeah it's jus rite...
Armand says get your ass over to epsilon
U still havent got urself a jacket ah?
"I'm taking derek &amp; taylor to walmart, if I'm not back by the time you're done just leave the mouse on my desk and I'll text you when priscilla's ready"
Hi its in durban are you still on this number
Ic. There are a lotta childporn cars then.
"Had your contract mobile 11 Mnths? Latest Motorola, Nokia etc. all FREE! Double Mins & Text on Orange tariffs. TEXT YES for callback, no to remove from records."
"No, I was trying it all weekend ;V"
"You know, wot people wear. T shirts, jumpers, hat, belt, is all we know. We r at Cribbs"
"Cool, what time you think you can get here?"
Wen did you get so spiritual and deep. That's great
Have a safe trip to Nigeria. Wish you happiness and very soon company to share moments with
Hahaha..use your brain dear
Well keep in mind I've only got enough gas for one more round trip barring a sudden influx of cash
Yeh. Indians was nice. Tho it did kane me off a bit he he. We shud go out 4 a drink sometime soon. Mite hav 2 go 2 da works 4 a laugh soon. Love Pete x x
Yes i have. So that's why u texted. Pshew...missing you so much
No. I meant the calculation is the same. That  &lt;#&gt; units at  &lt;#&gt; . This school is really expensive. Have you started practicing your accent. Because its important. And have you decided if you are doing 4years of dental school or if you'll just do the nmde exam.
"Sorry, I'll call later"
if you aren't here in the next  &lt;#&gt;  hours imma flip my shit
Anything lor. Juz both of us lor.
Get me out of this dump heap. My mom decided to come to lowes. BORING.
Ok lor... Sony ericsson salesman... I ask shuhui then she say quite gd 2 use so i considering...
Ard 6 like dat lor.
Why don't you wait 'til at least wednesday to see if you get your .
Huh y lei...
"REMINDER FROM O2: To get 2.50 pounds free call credit and details of great offers pls reply 2 this text with your valid name, house no and postcode"
"This is the 2nd time we have tried 2 contact u. U have won the £750 Pound prize. 2 claim is easy, call 087187272008 NOW1! Only 10p per minute. BT-national-rate."
Will ü b going to esplanade fr home?
"Pity, * was in mood for that. So...any other suggestions?"
The guy did some bitching but I acted like i'd be interested in buying something else next week and he gave it to us for free
Rofl. Its true to its name